<?xml version="1.0" encoding="utf-8"?>
<content_type_fields>
  <field content_type="admin_navigation" field_name="admin_search_class">XF\AdminSearch\AdminNavigation</field>
  <field content_type="admin_navigation" field_name="phrase_plural">admin_navigation</field>
  <field content_type="admin_template" field_name="admin_search_class">XF\AdminSearch\AdminTemplate</field>
  <field content_type="attachment" field_name="stats_handler_class">XF\Stats\Attachment</field>
  <field content_type="conversation" field_name="entity">XF:ConversationMaster</field>
  <field content_type="conversation" field_name="inline_mod_handler_class">XF\InlineMod\Conversation</field>
  <field content_type="conversation" field_name="spam_handler_class">XF\Spam\Cleaner\Conversation</field>
  <field content_type="conversation" field_name="stats_handler_class">XF\Stats\Conversation</field>
  <field content_type="conversation_message" field_name="alert_handler_class">XF\Alert\ConversationMessage</field>
  <field content_type="conversation_message" field_name="attachment_handler_class">XF\Attachment\ConversationMessage</field>
  <field content_type="conversation_message" field_name="entity">XF:ConversationMessage</field>
  <field content_type="conversation_message" field_name="like_handler_class">XF\Like\ConversationMessage</field>
  <field content_type="conversation_message" field_name="report_handler_class">XF\Report\ConversationMessage</field>
  <field content_type="email_template" field_name="admin_search_class">XF\AdminSearch\EmailTemplate</field>
  <field content_type="forum" field_name="email_stop_class">XF\EmailStop\Forum</field>
  <field content_type="node" field_name="admin_search_class">XF\AdminSearch\Node</field>
  <field content_type="node" field_name="moderator_handler_class">XF\Moderator\NodeModerator</field>
  <field content_type="node" field_name="permission_handler_class">XF\Permission\NodePermissions</field>
  <field content_type="node" field_name="sitemap_handler_class">XF\Sitemap\Node</field>
  <field content_type="option" field_name="admin_search_class">XF\AdminSearch\Option</field>
  <field content_type="page" field_name="entity">XF:Page</field>
  <field content_type="page" field_name="search_handler_class">XF\Search\Data\Page</field>
  <field content_type="phrase" field_name="admin_search_class">XF\AdminSearch\Phrase</field>
  <field content_type="post" field_name="alert_handler_class">XF\Alert\Post</field>
  <field content_type="post" field_name="approval_queue_handler_class">XF\ApprovalQueue\Post</field>
  <field content_type="post" field_name="attachment_handler_class">XF\Attachment\Post</field>
  <field content_type="post" field_name="edit_history_handler_class">XF\EditHistory\Post</field>
  <field content_type="post" field_name="entity">XF:Post</field>
  <field content_type="post" field_name="inline_mod_handler_class">XF\InlineMod\Post</field>
  <field content_type="post" field_name="like_handler_class">XF\Like\Post</field>
  <field content_type="post" field_name="moderator_log_handler_class">XF\ModeratorLog\Post</field>
  <field content_type="post" field_name="news_feed_handler_class">XF\NewsFeed\Post</field>
  <field content_type="post" field_name="phrase">post_noun</field>
  <field content_type="post" field_name="phrase_plural">posts</field>
  <field content_type="post" field_name="report_handler_class">XF\Report\Post</field>
  <field content_type="post" field_name="search_handler_class">XF\Search\Data\Post</field>
  <field content_type="post" field_name="spam_handler_class">XF\Spam\Cleaner\Post</field>
  <field content_type="post" field_name="stats_handler_class">XF\Stats\Post</field>
  <field content_type="post" field_name="warning_handler_class">XF\Warning\Post</field>
  <field content_type="profile_post" field_name="alert_handler_class">XF\Alert\ProfilePost</field>
  <field content_type="profile_post" field_name="approval_queue_handler_class">XF\ApprovalQueue\ProfilePost</field>
  <field content_type="profile_post" field_name="entity">XF:ProfilePost</field>
  <field content_type="profile_post" field_name="find_new_handler_class">XF\FindNew\ProfilePost</field>
  <field content_type="profile_post" field_name="inline_mod_handler_class">XF\InlineMod\ProfilePost</field>
  <field content_type="profile_post" field_name="like_handler_class">XF\Like\ProfilePost</field>
  <field content_type="profile_post" field_name="moderator_log_handler_class">XF\ModeratorLog\ProfilePost</field>
  <field content_type="profile_post" field_name="news_feed_handler_class">XF\NewsFeed\ProfilePost</field>
  <field content_type="profile_post" field_name="report_handler_class">XF\Report\ProfilePost</field>
  <field content_type="profile_post" field_name="search_handler_class">XF\Search\Data\ProfilePost</field>
  <field content_type="profile_post" field_name="spam_handler_class">XF\Spam\Cleaner\ProfilePost</field>
  <field content_type="profile_post" field_name="stats_handler_class">XF\Stats\ProfilePost</field>
  <field content_type="profile_post" field_name="warning_handler_class">XF\Warning\ProfilePost</field>
  <field content_type="profile_post_comment" field_name="alert_handler_class">XF\Alert\ProfilePostComment</field>
  <field content_type="profile_post_comment" field_name="approval_queue_handler_class">XF\ApprovalQueue\ProfilePostComment</field>
  <field content_type="profile_post_comment" field_name="entity">XF:ProfilePostComment</field>
  <field content_type="profile_post_comment" field_name="like_handler_class">XF\Like\ProfilePostComment</field>
  <field content_type="profile_post_comment" field_name="moderator_log_handler_class">XF\ModeratorLog\ProfilePostComment</field>
  <field content_type="profile_post_comment" field_name="news_feed_handler_class">XF\NewsFeed\ProfilePostComment</field>
  <field content_type="profile_post_comment" field_name="report_handler_class">XF\Report\ProfilePostComment</field>
  <field content_type="profile_post_comment" field_name="search_handler_class">XF\Search\Data\ProfilePostComment</field>
  <field content_type="profile_post_comment" field_name="spam_handler_class">XF\Spam\Cleaner\ProfilePostComment</field>
  <field content_type="profile_post_comment" field_name="stats_handler_class">XF\Stats\ProfilePostComment</field>
  <field content_type="profile_post_comment" field_name="warning_handler_class">XF\Warning\ProfilePostComment</field>
  <field content_type="public_template" field_name="admin_search_class">XF\AdminSearch\PublicTemplate</field>
  <field content_type="report" field_name="alert_handler_class">XF\Alert\Report</field>
  <field content_type="report" field_name="entity">XF:Report</field>
  <field content_type="style_property" field_name="admin_search_class">XF\AdminSearch\StyleProperty</field>
  <field content_type="style_property" field_name="phrase_plural">style_properties</field>
  <field content_type="tag" field_name="sitemap_handler_class">XF\Sitemap\Tag</field>
  <field content_type="thread" field_name="alert_handler_class">XF\Alert\Thread</field>
  <field content_type="thread" field_name="approval_queue_handler_class">XF\ApprovalQueue\Thread</field>
  <field content_type="thread" field_name="email_stop_class">XF\EmailStop\Thread</field>
  <field content_type="thread" field_name="entity">XF:Thread</field>
  <field content_type="thread" field_name="find_new_handler_class">XF\FindNew\Thread</field>
  <field content_type="thread" field_name="inline_mod_handler_class">XF\InlineMod\Thread</field>
  <field content_type="thread" field_name="moderator_log_handler_class">XF\ModeratorLog\Thread</field>
  <field content_type="thread" field_name="news_feed_handler_class">XF\NewsFeed\Thread</field>
  <field content_type="thread" field_name="poll_handler_class">XF\Poll\Thread</field>
  <field content_type="thread" field_name="search_handler_class">XF\Search\Data\Thread</field>
  <field content_type="thread" field_name="sitemap_handler_class">XF\Sitemap\Thread</field>
  <field content_type="thread" field_name="spam_handler_class">XF\Spam\Cleaner\Thread</field>
  <field content_type="thread" field_name="stats_handler_class">XF\Stats\Thread</field>
  <field content_type="thread" field_name="tag_handler_class">XF\Tag\Thread</field>
  <field content_type="trophy" field_name="alert_handler_class">XF\Alert\Trophy</field>
  <field content_type="trophy" field_name="entity">XF:Trophy</field>
  <field content_type="user" field_name="admin_search_class">XF\AdminSearch\User</field>
  <field content_type="user" field_name="alert_handler_class">XF\Alert\User</field>
  <field content_type="user" field_name="approval_queue_handler_class">XF\ApprovalQueue\User</field>
  <field content_type="user" field_name="change_log_handler_class">XF\ChangeLog\User</field>
  <field content_type="user" field_name="entity">XF:User</field>
  <field content_type="user" field_name="moderator_log_handler_class">XF\ModeratorLog\User</field>
  <field content_type="user" field_name="report_handler_class">XF\Report\User</field>
  <field content_type="user" field_name="sitemap_handler_class">XF\Sitemap\User</field>
  <field content_type="user" field_name="stats_handler_class">XF\Stats\User</field>
  <field content_type="user" field_name="warning_handler_class">XF\Warning\User</field>
  <field content_type="user_group" field_name="admin_search_class">XF\AdminSearch\UserGroup</field>
</content_type_fields>
